{"accuracy": 1.0, "precision": [0.9999999999988889, 0.9999999999993334, 0.9999999999996667], "mean_precision": 0.9999999999992962, "recall": [0.9999999999988889, 0.9999999999993334, 0.9999999999996667], "mean_recall": 0.9999999999992962, "f1": [0.9999999999488889, 0.9999999999493334, 0.9999999999496667], "mean_f1": 0.9999999999492962, "confusion_matrix": [[90, 0, 0], [0, 150, 0], [0, 0, 300]]}