{"accuracy": 0.9981481481481481, "precision": [0.9999999999988889, 0.999999999999329, 0.9966777408634563], "mean_precision": 0.9988925802872247, "recall": [0.9999999999988889, 0.9933333333326712, 0.9999999999996667], "mean_recall": 0.9977777777770754, "f1": [0.9999999999488889, 0.9966555183439828, 0.9983361064388527], "mean_f1": 0.9983305415772415, "confusion_matrix": [[90, 0, 0], [0, 149, 1], [0, 0, 300]]}