{"accuracy": 0.9877010406811731, "precision": [0.9713541666665402, 0.9936908517348589, 0.9999999999998594], "mean_precision": 0.9883483394670861, "recall": [0.9986613119141902, 0.96923076923062, 0.9930264993025114], "mean_recall": 0.9869728601491072, "f1": [0.9848184817980644, 0.981308411164808, 0.9965010496349556], "mean_f1": 0.9875426475326093, "confusion_matrix": [[746, 1, 0], [20, 630, 0], [2, 3, 712]]}