{"accuracy": 0.9839167455061495, "precision": [0.9576379974324829, 0.9983999999998402, 0.9999999999998591], "mean_precision": 0.9853459991440608, "recall": [0.9986613119141902, 0.9599999999998522, 0.9902370990235717], "mean_recall": 0.9829661369792047, "f1": [0.9777195281281374, 0.9788235293616303, 0.9950946040143326], "mean_f1": 0.9838792205013668, "confusion_matrix": [[746, 1, 0], [26, 624, 0], [7, 0, 710]]}