{"accuracy": 0.9910122989593189, "precision": [0.9764705882351664, 0.9999999999998417, 0.9986052998603906], "mean_precision": 0.9916919626984663, "recall": [0.9999999999998661, 0.9723076923075427, 0.9986052998603906], "mean_recall": 0.9903043307225997, "f1": [0.9880952380451143, 0.985959438327391, 0.9986052998103906], "mean_f1": 0.990886658727632, "confusion_matrix": [[747, 0, 0], [17, 632, 1], [1, 0, 716]]}